pozo,Qi_hist,Qi_hyp,b,di_hyp,error_Qi_hyp,error_di_hyp,Qi_harm,di_harm,error_Qi_harm,error_di_harm,Qi_exp,di_exp,error_Qi_exp,error_di_exp,hidrocarburo_principal,ultima_produccion,mes_max,profundidad_total,trayectoria,first_oil,Qi_gas,b_gas,di_gas,Qi_condensado,b_condensado,di_condensado,estado_actual,RSS_exponencial,RSS_hiperbolica,RSS_harmonica,RSS_gas_exponencial,RSS_gas_hiperbolica,RSS_gas_harmonica,Np,Gp,Cp,Wp,acum_BOE,RGA,corte_agua,tipo
LACAMANGO-12,0.067767,0.06333228679309809,5.121651766525591e-07,0.0004588875505685657,0.002905483231107429,1.9300273805084245,0.06361820883568317,0.0005161518491162507,0.0030735304884360127,0.00020074244547764827,0.06333228618416699,0.00045888748916935276,0.002869623211760322,0.00015824167590099836,aceite_Mbd,2019-01-01,515.0,2000.0,VERTICAL,1976-09-01,0.05946499999999988,0.9999999999999999,6.131510996979869e-16,5e-45,0.5,10.0,CERRADO SIN POSIBILIDADES,0.3632134622702194,0.3632134622584817,0.36323649746825803,23.721416963212025,23.72141696316436,23.721416963163566,0.8001376585112828,1.9980395816894698,0.0,0.3966511429015229,1.1331442554595261,11255.996856537035,0.9518698269964329,BAJA
LACAMANGO-103,0.066944,0.06694313506193066,4.155617213672338e-09,0.0005809746012193903,0.030783889206718776,0.07778091630170811,0.0669439999999999,0.0005997356747693404,0.031274902647900935,0.0026612344914045145,0.0014727316900619738,5.0,0.07070257704829422,0.0,aceite_Mbd,1996-05-01,227.0,2000.0,VERTICAL,1977-09-01,0.3907440847062079,0.013209461244236678,6.220523438586596e-13,5e-45,0.5,10.0,TAPONADO,0.2849347008723889,0.07069124396275062,0.07076926481998752,14.831563742012,5.8237298433151725,5.823729843308575,0.10653666,0.69161703,0.0,0.20558184000000002,0.22180616500000003,8511.266933995204,3.110382854039413,BAJA
LACAMANGO-119,0.050562,0.05053150828138471,0.9990009932207017,0.07196776211974794,inf,inf,0.05046317624023592,0.07196491033347689,inf,inf,0.05046324609375,5.0,inf,inf,aceite_Mbd,1997-11-01,220.0,2090.0,VERTICAL,1979-10-01,0.03588255346534155,0.9990656908814054,0.027872795051492066,5e-45,0.5,10.0,TAPONADO,8.997756333999633e-06,9.326267408447885e-10,9.766135493909164e-09,2.5265588038635254e-05,2.0924627631387496e-12,4.976217803881201e-09,0.0016068,0.0012273,0.0,0.0,0.0018113500000000002,1193.0769531387814,0.0,BAJA
LACAMANGO-300,0.075304,0.056223502874208436,3.1445821451959593e-09,0.011005314269883028,0.0035749924031542504,0.027870429351358632,0.055713229670115494,0.016213880116340493,0.004671421237802008,0.003221248880490268,0.056211975551634215,0.011000324593973628,0.003553871061190505,0.0011738538922010462,aceite_Mbd,1994-02-01,125.0,2644.0,VERTICAL,1983-11-01,0.06724487703071545,2.782131001193561e-07,0.00785090217039553,5e-45,0.5,10.0,PROGRAMA TAPONAMIENTO,0.0145200415154863,0.01452004431200307,0.016786292443966098,0.08941490572744701,0.08941490787750801,0.09190628860590619,0.08841737999999995,0.12753353999999997,0.0,0.09343812,0.10967296999999995,1545.6732173388375,1.4139696297756073,BAJA
LACAMANGO-1,0.06808,0.06807999999628576,0.999999999993912,1.0344542339546429e-10,0.016993425914420032,13972634.956646128,0.06807999999995966,9.317365137449575e-13,0.016612155407634766,0.003075211806903515,0.06807999999999928,4.549942284095988e-15,0.016612151930059355,0.003075208853481123,aceite_Mbd,2009-10-01,131.0,3319.0,VERTICAL,1999-01-01,0.05802899999999999,6.306035160719148e-08,4.892174547885247e-18,5e-45,0.5,10.0,CERRADO SIN POSIBILIDADES,0.8746045267202186,0.8746045315652493,0.8746045267637097,1.3915973130976451,1.391597313031,1.3915973130582997,0.38164590000000015,0.5009076900000001,0.0,0.22762389000000008,0.4651305150000001,1621.6618300295415,1.3076784224648723,BAJA
LACAMANGO-2,0.006595,0.006594999999999997,0.9999999999999999,2.524339591797954e-16,0.01687977978983593,0.0,0.006594999999940859,6.624363353305529e-12,0.01684102021550745,0.018345530337190163,0.006594999999998921,8.966957545381572e-15,0.016841012349688256,0.018345497544280803,aceite_Mbd,2019-02-01,240.0,2100.0,VERTICAL,1999-06-01,0.010291999999024333,0.9999999999966818,7.691535127156845e-11,5e-45,0.5,10.0,CERRADO SIN POSIBILIDADES,3.1086905653677976,3.1086905653674295,3.1086905656122816,1.033881825766815,1.033881819057884,1.0338818169124493,0.743090188945514,0.43942146768410084,0.0,0.2808096573102539,0.8163271002261989,647.4971271935331,0.4201767605740052,BAJA
LACAMANGO-452,0.023111000000000003,0.01702901268489596,0.9999999881450131,0.04622067061392203,0.0021811045378106737,4.25653447951632,0.017028946849774122,0.04621979861414711,0.0016377859771051892,0.01827288631073907,0.01647599002874709,0.03319908279649315,0.001460938595496023,0.011083333558380096,aceite_Mbd,2009-11-01,16.0,1950.0,DIRECCIONAL,2008-07-01,0.022147560286215548,1.968697350748793e-08,0.02720611032424354,5e-45,0.5,10.0,PROGRAMA TAPONAMIENTO,0.0001187363064652491,0.00011563789670295354,0.000115637896487164,0.00014231505329476049,0.0001423150517593254,0.00014329915735415816,0.00653055,0.00916542,0.0,0.04725566999999999,0.008058119999999998,1416.148488273937,7.320829490064129,BAJA
LACAMANGO-315,0.106927,0.09828414334606933,0.001004341343062487,2.7749677254319803e-11,0.009306684520816188,5402675.296258843,0.09828415143156652,2.6024236167301796e-12,0.009106811933216281,0.006000312004741764,0.0982841225384421,2.8787036526349056e-10,0.009106811534504834,0.006000312629992985,aceite_Mbd,2011-12-01,26.0,1794.0,DIRECCIONAL,2009-10-01,0.11289239273545533,4.2438081039922634e-10,0.024343595451364303,5e-45,0.5,10.0,PROGRAMA TAPONAMIENTO,0.012424049393378872,0.012424049275915876,0.012424049264559712,0.0236252013969997,0.02362519962546712,0.024962566162997017,0.07666163999999996,0.06426555000000002,0.0,0.00012783,0.08737256500000001,872.1208731373445,0.08975061083494819,BAJA
LACAMANGO-392,0.150955,0.15095499999999998,3.3259128959654886e-08,0.07287374070806425,0.013561506052333982,0.474095311421364,0.15095499999999998,0.09280571337213087,0.014752571884041683,0.031562460138426,0.15095499999999998,0.07287380579356917,0.01268393724784525,0.016778640849020657,aceite_Mbd,2019-06-01,93.0,1810.0,DIRECCIONAL,2011-10-01,0.04100905644574621,0.00018585833994666512,1.6013801942886167e-13,5e-45,0.5,10.0,CERRADO SIN POSIBILIDADES,0.004420176753969217,0.004420176744876892,0.004732854328296606,0.0035694905732278183,0.0035694905686642483,0.003569490568628257,0.03893991219999901,0.015993533000001,0.0,0.02932155,0.04160550103333249,635.3881861369747,0.8040728792997653,BAJA
LACAMANGO-14,0.213853,0.15671945573406582,4.1668755427697076e-08,0.017840882143802774,0.023097179537429763,0.8905940007086547,0.157811577200542,0.029846969766459838,0.021584817261585485,0.01400797712114164,0.15671952167421835,0.01784023945117598,0.01907031046014922,0.004819566133518044,aceite_Mbd,1981-02-01,68.0,2105.0,VERTICAL,1975-07-01,0.5782100361266475,0.25000234733391447,2.0932925397233613e-24,5e-45,0.5,10.0,PROGRAMA TAPONAMIENTO,0.025741187323048628,0.02574118734132397,0.027004277971370214,1.1351320519953776,1.1351320519965151,1.1351320519942971,0.04262805,0.27754101000000003,0.0,0.0,0.08888488500000002,8858.379767813865,0.0,MEDIA
LACAMANGO-45,0.257043,0.18289182705145313,2.082795757687351e-08,0.02922936693249093,0.017439394964043384,0.29404666488253006,0.18785634907280327,0.08662745570312104,0.019273664137365455,0.021343157908160007,0.18289042876241618,0.029227544087698013,0.014827018073054025,0.0029206348131078676,aceite_Mbd,1999-07-01,289.0,2007.0,VERTICAL,1975-10-01,0.13148807567355597,0.24850592140701735,5.3456906415537185e-20,5e-45,0.5,10.0,PROGRAMA TAPONAMIENTO,0.03808955030709974,0.03808955067725261,0.04493291480421399,1.7214655205053344,1.7214655211629903,1.7214655205053526,0.05170893,0.20118224999999998,0.0,0.020248080000000005,0.08523930500000002,20380.306388013345,1.138532319705345,MEDIA
LACAMANGO-43,0.262913,0.26291299999999995,1.4584771334709761e-12,0.012053602401729408,0.007677393759708973,9.970101689623486e-06,0.26291299999999995,0.01604231004368502,0.015842181085313285,0.0029530862939813616,0.26291299999999995,0.012042986447029072,0.012207782633809198,0.0012955835775645985,aceite_Mbd,1982-09-01,84.0,2000.0,VERTICAL,1975-10-01,0.1927499999999981,7.027534109487418e-08,0.01453543001504166,5e-45,0.5,10.0,PROGRAMA TAPONAMIENTO,0.16527689818847152,0.16527573818069682,0.1900049280223775,0.08020706061259171,0.0802070618310432,0.08933197286275721,0.4180884899999998,0.2764127099999999,0.0,0.0,0.4641572749999999,675.1644680507231,0.0,MEDIA
LACAMANGO-4,0.171711,0.1184386486882266,1.3202783926136163e-06,1.9041344622157403e-15,0.006393252275511534,0.0,0.11843864915201764,2.9340941038604435e-17,0.006386379326180115,0.00019685817643503545,0.11843864918676131,1.580389408595167e-20,0.006386373658671219,0.00019685747820498471,aceite_Mbd,2016-03-01,485.0,1950.0,VERTICAL,1976-05-01,0.11300699999999998,0.9999999999999999,2.7605842017782767e-17,5e-45,0.5,10.0,CERRADO SIN POSIBILIDADES,2.2333844389751762,2.2333844389751767,2.2333844389751927,121.80274374447123,121.80274373618204,121.802743748227,1.6593254751056705,4.364936293047841,0.0,0.2689214100000001,2.3868148572803087,3626.703078367866,0.2239649286065968,MEDIA
LACAMANGO-41,0.29472800000000005,0.22408031529413164,0.9999999999999502,0.08147271748277589,0.027078391216848813,0.3418000119566014,0.22408052315295335,0.08147291223231176,0.021843826488303485,0.016472396478675135,0.16189045402962085,0.021531707952181275,0.013954374702683223,0.002560416854060713,aceite_Mbd,1986-10-01,123.0,2200.0,VERTICAL,1976-09-01,0.1829707147590349,0.9999999999965142,0.06329692603224314,5e-45,0.5,10.0,TAPONADO,0.18848575269953727,0.16222413266815403,0.1622241326692169,0.11743245304711329,0.10001370187490792,0.1000137018747265,0.16636056000000002,0.15582954,0.0,0.11612966999999998,0.19233214999999995,1050.4225704367977,1.2378584539958124,MEDIA
LACAMANGO-34,0.226554,0.21026673885919636,0.7002065394217324,0.07423807471391902,0.016539122207681858,0.20576620896854161,0.2158314393481434,0.0961772607470384,0.015774845205935233,0.013829249887553059,0.1761578003185635,0.0355774827252423,0.010650291967963868,0.0031683657627907006,aceite_Mbd,1985-07-01,108.0,2000.0,VERTICAL,1976-09-01,0.17304199997436417,1.4259329922270016e-08,0.006870276168274647,5e-45,0.5,10.0,PROGRAMA TAPONAMIENTO,0.08483178268068388,0.07048144841119541,0.07281684180907078,0.7551445794379285,0.7551445901817305,0.7888970648090678,0.15773769000000004,0.43360914,0.0,0.03427539000000001,0.23000588000000002,3066.7392251029733,0.7386375961702828,MEDIA
LACAMANGO-28,0.23787600000000006,0.09838693740367564,4.5359266134369775e-08,3.605094027626549e-21,0.006830844523268471,0.0,0.09838693853500799,3.0605786517634165e-16,0.0068212349151509115,0.00026958704270746886,0.0983869386609323,9.333831727157109e-19,0.006821229886306713,0.00026958615421834463,aceite_Mbd,2017-12-01,502.0,2978.0,VERTICAL,1976-09-01,0.08906702020914392,6.513627619497697e-06,7.602599465991073e-17,5e-45,0.5,10.0,PROGRAMA TAPONAMIENTO,1.6566692614365168,1.6566692614365173,1.6566692614366005,1.5100201829127076,1.5100201829126103,1.5100201829126112,1.0478208967741947,0.9485637687096781,0.0,0.4730121300000001,1.20591485822581,1077.9216186153556,0.9228640992398273,MEDIA
LACAMANGO-24,0.255589,0.20533768719104825,0.9999999999999999,0.014778477463597787,0.014809233044316248,0.24393358821516745,0.20533767554604024,0.014778475544948651,0.012417873876363516,0.0017628341109323057,0.14739852946287216,0.004558149795480701,0.007562252388997359,0.00038492837832312173,aceite_Mbd,2019-09-01,524.0,2000.0,VERTICAL,1976-09-01,0.11792730844644327,1.1178403372585337e-08,0.001615215565585351,5e-45,0.5,10.0,CERRADO SIN POSIBILIDADES,0.6591356936814202,0.5992576074708009,0.5992576074703315,1.916155535712198,1.9161555928901628,1.9340070178056008,0.670737343748387,0.8526685833258085,0.0,0.542806618064516,0.8128487743026883,1662.6973100016542,1.2606017036482862,MEDIA
LACAMANGO-18,0.218046,0.2180459999999878,0.36586659928047666,0.009078944975930498,0.00793332428570585,0.18024051129030544,0.21804599999999996,0.012832879669157873,0.007610316829089997,0.0010199063396336757,0.20817022266570134,0.006938268420635126,0.005247605225667378,0.0002889602824580631,aceite_Mbd,2000-09-01,292.0,1780.0,VERTICAL,1976-09-01,0.14542099999032526,3.041537250127834e-08,0.002285647956999736,5e-45,0.5,10.0,PROGRAMA TAPONAMIENTO,0.21323082387063308,0.2078323294521634,0.22455833635612865,1.6741316559821873,1.6741316641116364,1.710512036803899,0.6980319599999995,0.9432516,0.0,0.015200249999999986,0.8552405600000005,1442.807039665563,0.03889210255664899,MEDIA
LACAMANGO-6,0.26056,0.0852528721332132,5.5497949172454014e-12,0.0026463236632137672,0.0027788488088229227,4.384948577437609e-05,0.09034968066791099,0.004289213902968353,0.005602477220455333,0.0007432495223318031,0.08525260000201197,0.002646296500859571,0.00434141763741076,0.00030848942853047804,aceite_Mbd,2008-10-01,389.0,1950.0,VERTICAL,1976-11-01,0.16856070132378018,2.594454186086971e-10,4.726452871803536e-05,5e-45,0.5,10.0,CERRADO SIN POSIBILIDADES,0.36660209966112034,0.3666002616442601,0.37230484515236806,12.142130641341998,12.142130558225414,12.142237527557409,0.5537189699999994,1.7388111300000002,0.0,0.051228629999999976,0.8435208249999998,2915.2589688553226,0.17230094053226008,MEDIA
LACAMANGO-8,0.16231700000000002,0.1242812377899795,3.1566036662257664e-09,2.9235539172301344e-14,0.0061281697969402015,0.0,0.12428123909032347,7.432714495050636e-17,0.0061220100591213075,0.00016814333462619163,0.12428123911664617,7.939251740474883e-18,0.006122004304030852,0.00016814270438953452,aceite_Mbd,2018-03-01,500.0,1900.0,VERTICAL,1977-02-01,0.1487972026164759,2.0444559542023348e-11,0.0005161282133077299,5e-45,0.5,10.0,CERRADO CON POSIB DE EXP.,2.0397230317809436,2.039723031780942,2.039723031780964,6.436010416802484,6.436007944852793,6.449205337434547,1.7710076575156095,1.862069067588509,0.0,0.2496652507296204,2.081352502113692,1547.9946598506526,0.26126973336858506,MEDIA
LACAMANGO-26,0.151117,0.08148794800542353,2.6913887719181387e-12,0.00020636156805959802,0.00278240644638394,2.1721845251531596e-05,0.08136865288291088,0.00020746026032372693,0.0051839347741253015,0.00024249541412956678,0.0817588026236212,0.00022025403375937718,0.005074171409248115,0.00021997255592026149,aceite_Mbd,2018-02-01,499.0,2050.0,VERTICAL,1977-02-01,0.07840588660910827,1.7324657935188406e-07,0.0003848129113342276,5e-45,0.5,10.0,PROGRAMA TAPONAMIENTO,1.393599863269734,1.3935936991120028,1.3939662614039912,1.5606248278582102,1.560624841380758,1.5620460522034283,1.0938169553085597,1.0074576352086326,0.0,0.4651772317781608,1.2617265611766648,1002.717114178409,0.944631286749248,MEDIA
LACAMANGO-109,0.175039,0.08106513391634962,0.9919535480006116,6.529320001646211e-16,0.003969749293972246,0.0,0.08106513385524639,7.413955564276085e-18,0.0039652662627496825,0.00017204873587092786,0.081065133854877,9.051726270578131e-21,0.0039652625554666065,0.00017204808684235102,aceite_Mbd,2020-02-01,522.0,2000.0,VERTICAL,1977-04-01,0.09686382413019053,2.6421353500026556e-08,8.036477623949112e-05,5e-45,0.5,10.0,PRODUCTOR,0.8479857109857067,0.8479857109857324,0.8479857109857072,2.7006639968868837,2.70066399699826,2.7007271081475777,1.0822195369621819,1.268272796728822,0.0,0.34554742880088707,1.2935983364169872,1281.8901613833498,0.46856048864474525,MEDIA
LACAMANGO-115,0.279774,0.19562840356480216,0.999999999999923,0.00495711822105914,0.008488416112324964,0.5071251766447447,0.19562794285725435,0.004957079705109178,0.006275663983014682,0.00045283889981830684,0.17842750308005803,0.002821123040188103,0.004973762212531416,0.00019783490650926954,aceite_Mbd,2003-04-01,316.0,2280.0,VERTICAL,1977-05-01,0.17915756897069193,3.476036020966512e-08,0.0011529596033834529,5e-45,0.5,10.0,TAPONADO,0.3908582284880894,0.3683939727492697,0.3683939727091497,2.255055893346053,2.2550558936132283,2.262285588878539,1.091866500000001,1.3830819599999997,0.0,0.01652910000000001,1.32238016,1341.6763343595378,0.02075865536164909,MEDIA
LACAMANGO-16,0.229659,0.20014601011637229,0.9999999999997428,0.05294486875688216,0.022212164085452374,1.009591311772499,0.20014603129408778,0.05294488615027151,0.01727469729609417,0.012036041402771579,0.1827495610631522,0.029524553503610697,0.013816791930365311,0.004821934255799019,aceite_Mbd,1980-08-01,39.0,1948.0,VERTICAL,1977-06-01,0.19759484522023305,9.18309041919585e-07,5.153941021055517e-15,5e-45,0.5,10.0,PROGRAMA TAPONAMIENTO,0.04482315735990051,0.04083585421521504,0.04083585421521705,1.457696931065151,1.4576969310650771,1.4576969310650794,0.12949820999999997,0.23118597000000002,0.0,0.0044335799999999995,0.16802920500000001,2000.5397442784777,0.04112665337689555,MEDIA
LACAMANGO-127,0.286479,0.16850921671640048,3.3249393637256964e-08,0.005639874801433426,0.008072054848656043,0.185172228989443,0.17757496630698963,0.011328858208927378,0.00993763423323343,0.001421091539470355,0.1685154421254722,0.005640147715543874,0.007931351084325244,0.00038412926212355754,aceite_Mbd,2001-02-01,286.0,2100.0,VERTICAL,1977-08-01,0.3236419999163114,1.58410723702032e-09,0.0007098664511146511,5e-45,0.5,10.0,TAPONADO,0.2082627218719697,0.20826272377331073,0.22610012587459388,10.946323538487448,10.946323499815183,10.967548047942522,0.3459386399999999,1.462192529999999,0.0,0.014492490000000004,0.5896373949999996,5675.794264093685,0.06913884791624747,MEDIA
LACAMANGO-135,0.259769,0.22078354779083978,4.1926466169480967e-10,0.0035214817497147984,0.004733562017607698,0.001404834910312721,0.24397937337152265,0.007023363023785161,0.007153693538920935,0.000455712077438683,0.22078344925730853,0.0035214782628984103,0.004739026805450539,0.00012479727994723177,aceite_Mbd,2020-02-01,516.0,2300.0,VERTICAL,1977-09-01,0.17536252282379258,1.1099013444172808e-10,0.002393323742057424,5e-45,0.5,10.0,PRODUCTOR,0.6597301714972901,0.6597301669984614,0.7135284635134882,1.83056825665459,1.8305680499252275,1.935942593580942,1.5138623062439092,1.4845006807027097,0.0,0.09352855424210936,1.7612790863610317,1128.7014183968465,0.1098750419834395,MEDIA
LACAMANGO-311,0.289707,0.2897069999995635,1.8461116201088708e-08,0.006609224115401509,0.013543652176782913,0.10839970580171467,0.28970699999999994,0.008414021693447791,0.016584006438398063,0.0016257294440780521,0.28970699999999994,0.0066090028294447664,0.013476054244826792,0.0008106974894950568,aceite_Mbd,2020-02-01,129.0,1770.0,DIRECCIONAL,2009-07-01,0.29011482275475264,0.9999999999999999,0.02281448371662941,5e-45,0.5,10.0,PRODUCTOR,0.48975682018456723,0.4897568219712719,0.5321398564427823,1.2089529836893396,1.1207091932986404,1.1207091933081477,0.7489388969713527,0.5349150451786071,0.0,0.1746542400186534,0.8380914045011209,985.4188348572673,1.0379271524160625,MEDIA
LACAMANGO-354,0.203353,0.20335299999680073,5.7781486299529534e-08,0.014340196314011367,0.009193083482170723,0.32028335676472414,0.20335299999999998,0.020107950222802838,0.011150736345545158,0.0030632826547539833,0.20335299999999998,0.014340168776623061,0.007718851572734151,0.001121632634148839,aceite_Mbd,2016-08-01,84.0,1824.0,DIRECCIONAL,2009-09-01,0.20620399999999436,0.9999999999999998,0.04447052778888244,5e-45,0.5,10.0,CERRADO SIN POSIBILIDADES,0.06293847394154535,0.0629384752209971,0.0850109369386774,0.10313493146842846,0.08341286339867472,0.08341286339867375,0.3031819443926642,0.22210895298887695,0.0,0.06204581462257652,0.3402001032241433,840.5726516858645,0.2788062476888181,MEDIA
LACAMANGO-371,0.24465,0.2151949198148871,0.9999999999996778,0.013609859430997812,0.013525824158109937,0.6923856460721588,0.21519515656288976,0.013609908061250045,0.010062662707445156,0.0017774784210452534,0.1992648911668543,0.008029356123760746,0.007890776482829855,0.0007490931713365357,aceite_Mbd,2020-02-01,122.0,1727.0,DIRECCIONAL,2010-02-01,0.10779901554020085,0.9999999999999999,0.007704694346174515,5e-45,0.5,10.0,PRODUCTOR,0.1481625008388573,0.143888075507229,0.1438880755086,0.2436244766870129,0.24063016087212963,0.24063016081544927,0.4623803752582769,0.2780841731726698,0.0,0.21106333369918498,0.5087277374537219,601.4765968183896,0.5677360541405653,MEDIA
LACAMANGO-355,0.212595,0.15567183363515663,0.9999999998173524,0.037506363807235675,0.02444809789083656,1.6350419943117194,0.1556717773679052,0.03750631850052386,0.0192170814748184,0.013326982866221113,0.14313626979572242,0.021840836269338165,0.014961970743303963,0.005761605888173785,aceite_Mbd,2015-07-01,64.0,1825.0,DIRECCIONAL,2010-04-01,0.10572899999946626,0.999999999999959,2.649608979446797e-12,5e-45,0.5,10.0,PROGRAMA TAPONAMIENTO,0.055397829048656394,0.053922816125441524,0.05392281612526639,5.200321197954562,5.200321198070864,5.200321197930008,0.11014932000000005,0.3193040100000001,0.0,0.07128597,0.163366655,3502.117389784884,0.698569395054302,MEDIA
LACAMANGO-393,0.251922,0.25192199999381715,7.441265253394343e-09,0.00750315618305938,0.019747719799224305,0.07517689962808449,0.25192199999999826,0.009195432352694472,0.02337650804586083,0.003038807587369948,0.2519219999999999,0.007502660724582853,0.019625393414968634,0.0016240602466548446,aceite_Mbd,2020-02-01,105.0,1760.0,DIRECCIONAL,2011-07-01,0.14845787319959924,1.6549367292393212e-12,0.003806129853449319,5e-45,0.5,10.0,PRODUCTOR,0.7208813656957302,0.7208813671527847,0.7577441798573504,0.47178264277185594,0.47177686405789676,0.475553896974316,0.555549178761564,0.37855235657024383,0.0,0.10064305866411838,0.618641238189938,788.1368054768704,0.49755129797121783,MEDIA
LACAMANGO-390,0.251922,0.22368752633562256,1.0000070372467862e-09,0.002873049945381396,0.00878051611420855,0.005057705588625123,0.22323587247502205,0.003110805423130005,0.009482851613419718,0.0009401507755265158,0.22369327356473118,0.0028735933290697786,0.008842347961722384,0.0007152894500990767,aceite_Mbd,2020-02-01,104.0,1742.0,DIRECCIONAL,2011-08-01,0.1251095566656161,3.1516008256126357e-07,0.006250294906462671,5e-45,0.5,10.0,PRODUCTOR,0.17960428006092014,0.1796042708338827,0.18123289814038498,0.08712701784867478,0.08712701798410301,0.08819378471066563,0.5979568907548529,0.28486780920562815,0.0,0.08486449738423262,0.6454348589557911,474.56815831295063,0.17046607664625876,MEDIA
LACAMANGO-391,0.198758,0.19875799998627852,3.1024750774346927e-09,0.010366386858264532,0.020611087243598055,0.04436896229819461,0.19875799999999996,0.013112792012590786,0.02560959747915138,0.005133719409902572,0.19875799999999996,0.010366722075886365,0.020481609149092618,0.002400203151227677,aceite_Mbd,2020-02-01,104.0,1802.0,DIRECCIONAL,2011-08-01,0.8281646515631272,5.269931877128131e-08,0.041994214489033045,5e-45,0.5,10.0,PRODUCTOR,0.5744227958549676,0.5744227948739299,0.615861855507549,3.2305817110272526,3.230582038505777,3.8646375640508555,0.3670655059965747,0.5427528645915756,0.0,0.0875273659745547,0.45752431676183736,1552.3795185277015,0.38873194827068813,MEDIA
LACAMANGO-23,0.318054,0.3180539999999965,0.3437903147967151,0.007399489201012926,0.011186264840881087,0.1455932833577807,0.31805399999999995,0.010769239274789313,0.011158988053713166,0.0008162678280565696,0.3029360540516954,0.005677984312084006,0.007519499794634265,0.000220839320988874,aceite_Mbd,2006-10-01,384.0,2000.0,VERTICAL,1975-04-01,0.1897879999961027,5.3694885929115335e-08,0.0019281029782335117,5e-45,0.5,10.0,CERRADO SIN POSIBILIDADES,0.8447853750422556,0.8253712511524149,0.8902760611187117,6.043284452798433,6.043284457330064,6.135771882191236,1.4149529999999997,1.73267958,0.0,0.4401947699999998,1.70373293,1711.816060330542,0.7616994732013356,ALTA
LACAMANGO-21,0.373756,0.16658423948329662,0.9999999999999765,0.0005260781784484799,0.013711616614043508,12.04747333218793,0.16658369563353756,0.0005260630205876533,0.009624391445466519,0.00023330689889914668,0.16433983404913388,0.0004306127824081118,0.009008207783847933,0.0001829524598565856,aceite_Mbd,2020-02-01,538.0,1950.0,VERTICAL,1975-12-01,0.14425301316542982,6.933836013681322e-07,0.0012587722296123237,5e-45,0.5,10.0,PRODUCTOR,4.338445830925924,4.335993712829326,4.335993712575257,4.687723757064586,4.687723783539981,4.699583576302269,2.188799976194015,1.5504606908266858,0.0,0.37859242566955514,2.447210091331794,752.973507471789,0.2708384788175516,ALTA
LACAMANGO-101,0.41884,0.37703056223854037,0.8970947008314648,0.011622854217568127,0.014557724480385175,0.14235856642911934,0.3816584635327103,0.01265946440318411,0.011993860530373924,0.0008236866415469774,0.3196310393034503,0.005298014796095596,0.008185311203179954,0.0002119388373542736,aceite_Mbd,2018-10-01,522.0,3000.0,VERTICAL,1975-12-01,0.22248199999999677,4.664719702494142e-10,5.299191165825339e-13,5e-45,0.5,10.0,PROGRAMA TAPONAMIENTO,1.1692664157496533,0.9965491196512478,0.9984307789472746,29.60757969202237,29.60757969199542,29.607579691995188,1.643312418006452,3.9165042366161327,0.0,0.11947347329032261,2.2960631241091414,3244.3134786655073,0.24859269721025457,ALTA
LACAMANGO-22,0.34249,0.2461323794438981,2.4773731872907713e-15,0.0025878413118046784,0.004318856966377318,1.0037556156900152e-08,0.26033917345023794,0.004112997695833968,0.00925005191737731,0.00041946929499701375,0.2461327934090351,0.0025878397585357145,0.007161544680522106,0.00017904901237008334,aceite_Mbd,2018-09-01,515.0,1950.0,VERTICAL,1976-05-01,0.16995125434095384,1.1417304056487661e-08,0.0008914671243478782,5e-45,0.5,10.0,PROGRAMA TAPONAMIENTO,1.1249256011640971,1.1041364859295337,1.1501224329119664,5.071568598607469,5.0715686026843905,5.083195306844091,1.734377031250321,1.5902892837890306,0.0,0.4472929824387095,1.9994252452151597,977.2243304048299,0.5395875197145356,ALTA
LACAMANGO-117,0.317067,0.3170669999999999,0.9999999999999994,0.003047959095345529,0.01298735290875635,0.635083740749323,0.31706699999999843,0.0030479590953309665,0.009459153573998694,0.0002868550543809914,0.31706699999999993,0.0022311742236688623,0.007856039948141649,0.0001380559159534203,aceite_Mbd,2012-07-01,437.0,2050.0,VERTICAL,1976-08-01,0.17801999999977206,0.9999999999999931,1.502549664927364e-12,5e-45,0.5,10.0,CERRADO SIN POSIBILIDADES,1.5968136963642794,1.5689381291330837,1.568938129133087,17.192125725616123,17.19212572908082,17.192125725522097,2.463353159999997,2.9449108800000015,0.0,0.07065293999999998,2.9541716399999975,1288.8127079579378,0.034909673010110324,ALTA
LACAMANGO-129,0.325203,0.24133153121963427,7.186359325405689e-11,0.013134969915339193,0.009023304689283541,0.000659509133486811,0.2539553961542722,0.021640468070646478,0.01768683927003347,0.003922191925455222,0.24133230452973609,0.013136188544217069,0.012896998871989758,0.0014230887016160453,aceite_Mbd,1988-08-01,137.0,1988.0,VERTICAL,1977-05-01,0.21807473708117517,4.430829958490534e-08,7.478646594147151e-16,5e-45,0.5,10.0,PROGRAMA TAPONAMIENTO,0.22200560137846065,0.22200535662256315,0.24171936285042897,1.2677936830881145,1.2677936830724212,1.2677936830735526,0.3858944700000001,0.6215129999999999,0.0,0.013329989999999998,0.48947996999999993,5364.479420134417,0.035565764476829624,ALTA
LACAMANGO-107,0.337552,0.19878817868492007,3.2834941078498797e-07,0.0027796138234888602,0.011209102228006444,0.5496858564521305,0.21050174640717825,0.004641732708518907,0.011207371327633659,0.0006531288962502337,0.19878820059746138,0.0027796141337067875,0.008786252432736345,0.00025197687769345215,aceite_Mbd,2012-02-01,422.0,2000.0,VERTICAL,1977-06-01,0.25510593628013384,0.9999999998115237,0.0021455858682095583,5e-45,0.5,10.0,PROGRAMA TAPONAMIENTO,1.2974458075644022,1.297445808467699,1.3086229204242352,7.1894021466932525,7.180850906399835,7.1808509065193,1.1164763699999993,1.7471662199999993,0.0,0.06097605,1.4076707400000008,1568.4341291000803,0.1426836153602979,ALTA
LACAMANGO-105,0.297426,0.17634069072663705,5.958587456681392e-08,0.0018671719094801762,0.01215112259935727,0.479312365098591,0.17793007038235792,0.0026223014647788327,0.013046629977824053,0.0006243418551782158,0.17633866804305717,0.001867096843173323,0.011964274610127086,0.0003122011331404329,aceite_Mbd,2012-01-01,421.0,1836.0,VERTICAL,1977-06-01,0.1914785066410944,3.9394075783463464e-05,0.00011927089570653115,5e-45,0.5,10.0,PROGRAMA TAPONAMIENTO,0.8857465484321139,0.8857465496713235,0.8963094942333013,5.154670713281635,5.154670758675648,5.155043352135247,0.5648609399999992,0.9041930100000002,0.0,0.013424010000000004,0.7155597749999998,1825.7051433453219,0.016740952691323474,ALTA
LACAMANGO-431,0.316444,0.23712994408101906,7.901629831965718e-07,0.01365629893457707,0.01319032511064983,0.3445958868894348,0.2484624284019037,0.02266273787962601,0.015202904508338876,0.0035727370061008987,0.23713732533213056,0.013651739527016772,0.010417981426637966,0.0011976278722064357,aceite_Mbd,2020-02-01,143.0,1840.0,DIRECCIONAL,2008-05-01,0.08392495026899133,1.8634970181220424e-08,0.006066993423404892,5e-45,0.5,10.0,PRODUCTOR,0.14387172981455693,0.14387182315967942,0.1741768440334402,0.06078618896467169,0.06078618885862827,0.0613166279871295,0.36250348493103374,0.1771137510923241,0.0,0.38487825987096536,0.39202244344642123,630.5459212040511,1.4316204619727821,ALTA
